Timestamp,outdoor_air_temp_C,outdoor_relative_humidity_%,outdoor_wind_speed_mpers,outdoor_wind_direction_deg,Outdoor_wind_gust_mpers,precip_accum_mm,sea_level_pressure_pascals,dew_point_temperature_C,outdoor_wind_chill_C,wind_cardinal_direction
2023-01-01 12:55:00+00:00,5.56,100.0,0.0,82.0,0.0,0.0,101900.0,5.56,,E
2023-01-01 13:55:00+00:00,6.11,100.0,1.03,311.0,1.03,0.0,101950.0,6.11,,NW
2023-01-01 14:55:00+00:00,6.11,100.0,0.0,352.0,1.03,0.0,101990.0,6.11,,N
2023-01-01 15:55:00+00:00,6.11,100.0,0.0,90.0,0.51,0.0,101960.0,6.11,,E
2023-01-01 16:55:00+00:00,6.11,100.0,0.51,313.0,1.03,0.0,102050.0,6.11,,NW
2023-01-01 17:55:00+00:00,6.67,100.0,0.51,22.0,1.54,0.0,102120.0,6.67,,NNE
2023-01-01 18:55:00+00:00,7.22,92.64,0.0,59.0,1.03,0.0,102070.0,6.09,,ENE
2023-01-01 19:55:00+00:00,8.33,85.89,1.54,124.0,2.57,0.0,101960.0,6.08,,SE
2023-01-01 20:55:00+00:00,8.33,79.52,0.51,94.0,1.03,0.0,101870.0,4.96,,E
2023-01-01 21:55:00+00:00,8.33,79.52,1.54,299.0,2.06,0.0,101870.0,4.96,,WNW
2023-01-01 22:55:00+00:00,9.44,73.77,1.03,237.0,1.54,0.0,101890.0,4.94,,WSW
2023-01-01 23:55:00+00:00,7.78,82.58,0.0,202.0,1.03,0.0,101820.0,4.97,,SSW
2023-01-02 00:55:00+00:00,5.56,92.55,1.03,301.0,1.54,0.0,101750.0,4.43,,WNW
2023-01-02 01:55:00+00:00,5.0,92.52,0.0,83.0,0.0,0.0,101690.0,3.87,,E
2023-01-02 02:55:00+00:00,3.33,96.14,0.51,30.0,1.03,0.0,101670.0,2.77,,NNE
2023-01-02 03:55:00+00:00,2.78,96.13,0.0,61.0,1.03,0.0,101620.0,2.22,,ENE
2023-01-02 04:55:00+00:00,2.78,100.0,0.0,85.0,0.0,0.0,101540.0,2.78,,E
2023-01-02 05:55:00+00:00,2.78,100.0,0.51,24.0,1.03,0.0,101500.0,2.78,,NNE
2023-01-02 06:55:00+00:00,3.33,100.0,0.0,57.0,0.51,0.0,101470.0,3.33,,ENE
2023-01-02 07:55:00+00:00,3.89,100.0,1.03,83.0,1.54,0.0,101410.0,3.89,,E
2023-01-02 08:55:00+00:00,3.33,100.0,1.03,53.0,1.54,0.0,101290.0,3.33,,NE
2023-01-02 09:55:00+00:00,2.22,100.0,1.03,357.0,1.03,0.0,101170.0,2.22,,N
2023-01-02 10:55:00+00:00,1.11,100.0,0.0,56.0,0.0,0.0,101040.0,1.11,,NE
2023-01-02 11:55:00+00:00,0.56,100.0,0.51,323.0,1.54,0.0,100960.0,0.56,,NW
2023-01-02 12:55:00+00:00,0.56,100.0,0.0,275.0,1.03,0.0,100960.0,0.56,,W
2023-01-02 13:55:00+00:00,0.56,100.0,0.51,36.0,1.54,0.0,100930.0,0.56,,NE
2023-01-02 14:55:00+00:00,0.56,100.0,1.03,44.0,1.54,0.0,100820.0,0.56,,NE
2023-01-02 15:55:00+00:00,0.56,100.0,0.51,269.0,1.03,0.0,100740.0,0.56,,W
2023-01-02 16:55:00+00:00,0.56,100.0,0.0,299.0,0.0,0.0,100700.0,0.56,,WNW
2023-01-02 17:55:00+00:00,1.67,100.0,0.51,259.0,1.54,0.0,100660.0,1.67,,W
2023-01-02 18:55:00+00:00,4.44,100.0,0.51,32.0,1.54,0.0,100580.0,4.44,,NNE
2023-01-02 19:55:00+00:00,7.22,79.35,0.0,216.0,1.03,0.0,100490.0,3.84,,SW
2023-01-02 20:55:00+00:00,8.89,60.52,0.51,263.0,1.54,0.0,100440.0,1.59,,W
2023-01-02 21:55:00+00:00,10.0,47.83,0.0,268.0,1.03,0.0,100430.0,-0.66,,W
2023-01-02 22:55:00+00:00,10.0,51.85,1.03,134.0,2.06,0.0,100390.0,0.46,,SE
2023-01-02 23:55:00+00:00,8.33,60.38,0.0,62.0,0.0,0.0,100400.0,1.03,,ENE
2023-01-03 00:55:00+00:00,4.44,82.15,0.0,282.0,1.03,0.0,100410.0,1.62,,WNW
2023-01-03 01:55:00+00:00,2.78,85.29,0.0,204.0,0.0,0.0,100440.0,0.53,,SSW
2023-01-03 02:55:00+00:00,2.22,81.85,0.51,10.0,1.03,0.0,100460.0,-0.6,,N
2023-01-03 03:55:00+00:00,1.11,85.11,0.0,135.0,1.03,0.0,100520.0,-1.14,,SE
2023-01-03 04:55:00+00:00,2.22,81.85,0.0,105.0,1.03,0.0,100560.0,-0.6,,ESE
2023-01-03 05:55:00+00:00,2.78,81.93,0.0,126.0,1.03,0.0,100560.0,-0.04,,SE
2023-01-03 06:55:00+00:00,4.44,69.97,0.0,127.0,0.0,0.0,100620.0,-0.62,,SE
2023-01-03 07:55:00+00:00,3.89,72.75,0.0,148.0,0.0,0.0,100660.0,-0.61,,SSE
2023-01-03 08:55:00+00:00,3.89,72.75,0.0,129.0,1.03,0.0,100690.0,-0.61,,SE
2023-01-03 09:55:00+00:00,4.44,69.97,1.03,207.0,2.06,0.0,100790.0,-0.62,,SSW
2023-01-03 10:55:00+00:00,3.89,78.85,0.51,185.0,2.06,0.0,100830.0,0.51,,S
2023-01-03 11:55:00+00:00,4.44,72.85,0.51,170.0,1.54,0.0,100850.0,-0.06,,S
2023-01-03 12:55:00+00:00,5.0,79.02,2.06,151.0,4.12,0.0,100860.0,1.62,,SSE
2023-01-03 13:55:00+00:00,5.0,79.02,2.57,161.0,4.63,0.0,100880.0,1.62,,SSE
2023-01-03 14:55:00+00:00,5.0,82.22,1.03,170.0,2.06,0.0,100920.0,2.18,,S
2023-01-03 15:55:00+00:00,4.44,82.15,0.0,168.0,1.03,0.0,100960.0,1.62,,SSE
2023-01-03 16:55:00+00:00,5.0,82.22,0.0,162.0,0.51,0.0,101030.0,2.18,,SSE
2023-01-03 17:55:00+00:00,5.56,76.03,0.0,165.0,1.03,0.0,101100.0,1.62,,SSE
2023-01-03 18:55:00+00:00,6.67,70.41,0.51,160.0,1.54,0.0,101100.0,1.61,,SSE
2023-01-03 19:55:00+00:00,7.22,67.78,0.51,164.0,1.54,0.0,101070.0,1.6,,SSE
2023-01-03 20:55:00+00:00,8.33,65.38,0.51,146.0,1.03,0.0,101030.0,2.15,,SE
2023-01-03 21:55:00+00:00,10.0,56.16,0.0,98.0,1.54,0.0,101010.0,1.58,,E
2023-01-03 22:55:00+00:00,9.44,60.65,0.51,219.0,1.54,0.0,101000.0,2.14,,SW
2023-01-03 23:55:00+00:00,7.78,70.63,0.0,62.0,0.0,0.0,100990.0,2.72,,ENE
2023-01-04 00:55:00+00:00,5.56,82.29,1.54,28.0,2.06,0.0,100980.0,2.74,,NNE
2023-01-04 01:55:00+00:00,4.44,85.47,0.51,35.0,1.03,0.0,100980.0,2.19,,NE
2023-01-04 02:55:00+00:00,3.33,85.35,0.0,33.0,1.03,0.0,100980.0,1.08,,NNE
2023-01-04 03:55:00+00:00,2.22,88.73,0.51,24.0,1.03,0.0,101010.0,0.53,,NNE
2023-01-04 04:55:00+00:00,1.67,88.68,0.51,354.0,1.03,0.0,101100.0,-0.02,,N
2023-01-04 05:55:00+00:00,2.22,88.73,0.0,55.0,1.03,0.0,101140.0,0.53,,NE
2023-01-04 06:55:00+00:00,2.22,88.73,0.51,10.0,1.03,0.0,101240.0,0.53,,N
2023-01-04 07:55:00+00:00,3.33,85.35,0.0,102.0,1.03,0.0,101290.0,1.08,,ESE
2023-01-04 08:55:00+00:00,5.0,70.08,0.51,162.0,2.06,0.0,101300.0,-0.06,,SSE
2023-01-04 09:55:00+00:00,5.0,75.94,1.03,33.0,2.06,0.0,101340.0,1.06,,NNE
2023-01-04 10:55:00+00:00,4.44,82.15,0.0,44.0,1.03,0.0,101310.0,1.62,,NE
2023-01-04 11:55:00+00:00,4.44,78.94,1.54,25.0,1.54,0.0,101270.0,1.06,,NNE
2023-01-04 12:55:00+00:00,3.89,82.08,0.0,42.0,0.0,0.0,101190.0,1.07,,NE
2023-01-04 13:55:00+00:00,3.89,72.75,0.0,64.0,1.03,0.0,101060.0,-0.61,,ENE
2023-01-04 14:55:00+00:00,2.78,78.68,1.03,38.0,1.54,0.0,101150.0,-0.6,,NE
2023-01-04 15:55:00+00:00,2.22,81.85,1.03,26.0,1.03,0.0,101140.0,-0.6,,NNE
2023-01-04 16:55:00+00:00,2.22,85.23,0.0,58.0,0.0,0.0,101120.0,-0.03,,ENE
2023-01-04 17:55:00+00:00,7.22,51.08,1.03,62.0,3.09,0.0,100930.0,-2.32,,ENE
2023-01-04 18:55:00+00:00,7.78,49.18,2.06,32.0,4.63,0.0,100830.0,-2.32,,NNE
2023-01-04 19:55:00+00:00,8.89,47.51,1.54,62.0,4.63,0.0,100690.0,-1.77,,ENE
2023-01-04 20:55:00+00:00,10.56,44.25,3.6,115.0,10.29,0.0,100560.0,-1.21,,ESE
2023-01-04 21:55:00+00:00,11.11,40.94,4.12,115.0,8.75,0.0,100460.0,-1.78,,ESE
2023-01-04 22:55:00+00:00,10.56,42.49,3.09,104.0,5.66,0.0,100420.0,-1.77,,ESE
2023-01-04 23:55:00+00:00,10.56,44.25,3.6,121.0,6.17,0.0,100380.0,-1.21,,ESE
2023-01-05 00:55:00+00:00,10.56,44.25,4.63,131.0,9.77,0.0,100340.0,-1.21,,SE
2023-01-05 01:55:00+00:00,10.0,47.83,3.09,121.0,6.69,0.0,100270.0,-0.66,,ESE
2023-01-05 02:55:00+00:00,10.0,45.93,4.12,131.0,8.75,0.0,100150.0,-1.21,,SE
2023-01-05 03:55:00+00:00,11.11,40.94,4.63,112.0,10.29,0.0,99980.0,-1.78,,ESE
2023-01-05 04:55:00+00:00,11.11,42.65,2.57,128.0,6.69,0.0,100010.0,-1.22,,SE
2023-01-05 05:55:00+00:00,11.11,44.42,4.12,123.0,8.75,0.0,99910.0,-0.66,,ESE
2023-01-05 06:55:00+00:00,11.67,42.81,2.06,111.0,5.14,0.0,99830.0,-0.66,,ESE
2023-01-05 07:55:00+00:00,12.22,41.27,3.09,101.0,5.66,0.0,99680.0,-0.66,,E
2023-01-05 08:55:00+00:00,12.22,41.27,2.57,104.0,5.66,0.0,99630.0,-0.66,,ESE
2023-01-05 09:55:00+00:00,10.0,71.07,0.0,240.0,0.0,0.0,99730.0,4.94,,WSW
2023-01-05 10:55:00+00:00,7.22,89.15,0.0,270.0,1.03,0.0,99710.0,5.53,,W
2023-01-05 11:55:00+00:00,7.22,89.15,0.0,300.0,0.51,0.0,99640.0,5.53,,WNW
2023-01-05 12:55:00+00:00,7.22,89.15,0.0,161.0,0.51,0.0,99640.0,5.53,,SSE
2023-01-05 13:55:00+00:00,11.67,46.41,3.09,125.0,5.66,0.0,99570.0,0.46,,SE
2023-01-05 14:55:00+00:00,11.67,44.58,4.12,122.0,7.72,0.0,99540.0,-0.1,,ESE
2023-01-05 15:55:00+00:00,11.11,46.25,2.57,118.0,5.14,0.0,99490.0,-0.1,,ESE
2023-01-05 16:55:00+00:00,11.11,48.15,1.54,75.0,2.57,0.0,99560.0,0.46,,ENE
2023-01-05 17:55:00+00:00,10.56,58.57,1.03,40.0,1.54,0.0,99610.0,2.7,,NE
2023-01-05 18:55:00+00:00,12.22,46.56,2.57,109.0,4.12,0.0,99710.0,1.01,,ESE
2023-01-05 19:55:00+00:00,13.33,41.6,4.12,109.0,6.69,0.0,99700.0,0.45,,ESE
2023-01-05 20:55:00+00:00,13.33,41.6,3.6,116.0,6.69,0.0,99710.0,0.45,,ESE
2023-01-05 21:55:00+00:00,12.22,52.45,1.03,141.0,2.06,0.0,99790.0,2.69,,SE
2023-01-05 22:55:00+00:00,12.22,52.45,2.06,131.0,3.6,0.0,99850.0,2.69,,SE
2023-01-05 23:55:00+00:00,11.67,58.85,2.06,157.0,3.6,0.0,99940.0,3.81,,SSE
2023-01-06 00:55:00+00:00,11.11,61.06,1.03,159.0,2.06,0.0,100080.0,3.81,,SSE
2023-01-06 01:55:00+00:00,11.67,58.85,2.06,168.0,5.14,0.0,100210.0,3.81,,SSE
2023-01-06 02:55:00+00:00,12.78,63.86,1.54,197.0,3.6,0.0,100380.0,6.05,,SSW
2023-01-06 03:55:00+00:00,12.22,63.74,1.54,200.0,5.14,0.0,100520.0,5.49,,SSW
2023-01-06 04:55:00+00:00,11.11,76.94,2.57,230.0,5.66,0.0,100710.0,7.18,,SW
2023-01-06 05:55:00+00:00,10.0,79.76,1.03,176.0,2.57,0.0,100850.0,6.63,,S
2023-01-06 06:55:00+00:00,10.0,76.76,1.54,178.0,3.09,0.0,101000.0,6.07,,S
2023-01-06 07:55:00+00:00,9.44,79.68,1.03,178.0,3.6,0.0,101100.0,6.07,,S
2023-01-06 08:55:00+00:00,9.44,79.68,0.51,180.0,2.57,0.0,101170.0,6.07,,S
2023-01-06 09:55:00+00:00,8.89,82.72,1.54,165.0,3.09,0.0,101290.0,6.08,,SSE
2023-01-06 10:55:00+00:00,8.89,82.72,1.54,157.0,3.09,0.0,101370.0,6.08,,SSE
2023-01-06 11:55:00+00:00,7.22,89.15,1.54,182.0,3.6,0.0,101390.0,5.53,,S
2023-01-06 12:55:00+00:00,7.22,89.15,1.03,168.0,2.06,0.0,101440.0,5.53,,SSE
2023-01-06 13:55:00+00:00,6.11,96.23,1.03,66.0,2.06,0.0,101470.0,5.55,,ENE
2023-01-06 14:55:00+00:00,5.56,92.55,0.51,28.0,1.54,0.0,101510.0,4.43,,NNE
2023-01-06 15:55:00+00:00,4.44,96.18,0.0,69.0,1.03,0.0,101520.0,3.88,,ENE
2023-01-06 16:55:00+00:00,6.11,96.23,1.03,96.0,1.54,0.0,101500.0,5.55,,E
2023-01-06 17:55:00+00:00,8.33,89.24,0.0,55.0,1.03,0.0,101500.0,6.64,,NE
2023-01-06 18:55:00+00:00,10.0,65.75,0.51,198.0,1.03,0.0,101490.0,3.82,,SSW
2023-01-06 19:55:00+00:00,10.0,68.36,0.0,35.0,0.0,0.0,101470.0,4.38,,NE
2023-01-06 20:55:00+00:00,10.0,71.07,0.51,81.0,1.54,0.0,101400.0,4.94,,E
2023-01-06 21:55:00+00:00,11.11,65.99,1.03,129.0,2.57,0.0,101320.0,4.93,,SE
2023-01-06 22:55:00+00:00,11.11,61.06,0.51,80.0,2.06,0.0,101250.0,3.81,,E
2023-01-06 23:55:00+00:00,10.0,68.36,0.0,79.0,0.0,0.0,101160.0,4.38,,E
2023-01-07 00:55:00+00:00,9.44,73.77,0.51,14.0,1.54,0.0,101140.0,4.94,,NNE
2023-01-07 01:55:00+00:00,8.33,92.71,1.03,73.0,2.06,0.0,101200.0,7.2,,ENE
2023-01-07 02:55:00+00:00,8.89,82.72,2.06,156.0,3.09,0.0,101210.0,6.08,,SSE
2023-01-07 03:55:00+00:00,8.89,79.6,3.09,235.0,5.14,0.0,101320.0,5.52,,SW
2023-01-07 04:55:00+00:00,8.33,82.65,0.51,205.0,2.57,0.0,101390.0,5.52,,SSW
2023-01-07 05:55:00+00:00,8.33,85.89,0.0,209.0,0.51,0.0,101430.0,6.08,,SSW
2023-01-07 06:55:00+00:00,7.78,92.68,0.0,186.0,0.0,0.0,101430.0,6.65,,S
2023-01-07 07:55:00+00:00,7.22,96.26,0.51,87.0,1.03,0.0,101430.0,6.66,,E
2023-01-07 08:55:00+00:00,7.22,96.26,0.51,97.0,1.54,0.0,101440.0,6.66,,E
2023-01-07 09:55:00+00:00,7.22,100.0,1.03,126.0,1.54,0.0,101390.0,7.22,,SE
2023-01-07 10:55:00+00:00,7.22,100.0,0.0,75.0,0.0,0.0,101380.0,7.22,,ENE
2023-01-07 11:55:00+00:00,7.22,100.0,0.51,347.0,1.03,0.0,101340.0,7.22,,NNW
2023-01-07 12:55:00+00:00,7.22,100.0,0.0,53.0,0.0,0.0,101270.0,7.22,,NE
2023-01-07 13:55:00+00:00,6.67,100.0,0.0,50.0,0.0,0.0,101200.0,6.67,,NE
2023-01-07 14:55:00+00:00,7.22,100.0,0.51,340.0,1.54,0.0,101140.0,7.22,,NNW
2023-01-07 15:55:00+00:00,7.22,100.0,1.03,332.0,1.03,0.0,101120.0,7.22,,NNW
2023-01-07 16:55:00+00:00,7.22,96.26,0.0,16.0,1.03,0.0,101060.0,6.66,,NNE
2023-01-07 17:55:00+00:00,7.78,92.68,1.03,328.0,1.54,0.0,100990.0,6.65,,NNW
2023-01-07 18:55:00+00:00,8.33,92.71,0.51,348.0,1.54,0.0,100970.0,7.2,,NNW
2023-01-07 19:55:00+00:00,8.33,92.71,0.0,269.0,0.0,0.0,100920.0,7.2,,W
2023-01-07 20:55:00+00:00,8.33,92.71,1.03,324.0,1.54,0.0,100860.0,7.2,,NW
2023-01-07 21:55:00+00:00,8.33,92.71,0.51,23.0,1.03,0.0,100800.0,7.2,,NNE
2023-01-07 22:55:00+00:00,8.33,96.29,0.0,9.0,0.0,0.0,100740.0,7.77,,N
2023-01-07 23:55:00+00:00,8.33,92.71,1.03,242.0,1.54,0.0,100710.0,7.2,,WSW
2023-01-08 00:55:00+00:00,7.78,96.28,0.0,349.0,0.0,0.0,100710.0,7.22,,N
2023-01-08 01:55:00+00:00,7.78,96.28,1.03,89.0,1.54,0.0,100660.0,7.22,,E
2023-01-08 02:55:00+00:00,7.22,100.0,0.0,121.0,1.03,0.0,100650.0,7.22,,ESE
2023-01-08 03:55:00+00:00,7.22,96.26,0.51,32.0,1.54,0.0,100610.0,6.66,,NNE
2023-01-08 04:55:00+00:00,6.67,100.0,0.0,197.0,0.0,0.0,100550.0,6.67,,SSW
2023-01-08 05:55:00+00:00,5.56,100.0,1.54,352.0,2.06,0.0,100470.0,5.56,,N
2023-01-08 06:55:00+00:00,4.44,100.0,0.0,261.0,1.03,0.0,100390.0,4.44,,W
2023-01-08 07:55:00+00:00,3.89,100.0,0.0,292.0,0.0,0.0,100280.0,3.89,,WNW
2023-01-08 08:55:00+00:00,3.33,100.0,0.51,21.0,1.03,0.0,100220.0,3.33,,NNE
2023-01-08 09:55:00+00:00,3.33,100.0,0.0,96.0,0.0,0.0,100160.0,3.33,,E
2023-01-08 10:55:00+00:00,3.89,100.0,0.0,101.0,0.0,0.0,100100.0,3.89,,E
2023-01-08 11:55:00+00:00,4.44,100.0,0.0,232.0,0.0,0.0,100060.0,4.44,,SW
2023-01-08 12:55:00+00:00,4.44,100.0,0.0,198.0,0.0,0.0,100030.0,4.44,,SSW
2023-01-08 13:55:00+00:00,5.0,100.0,0.51,103.0,1.54,0.0,100080.0,5.0,,ESE
2023-01-08 14:55:00+00:00,6.11,100.0,0.0,34.0,0.51,0.0,100020.0,6.11,,NE
2023-01-08 15:55:00+00:00,6.11,100.0,0.0,270.0,1.03,0.0,99990.0,6.11,,W
2023-01-08 16:55:00+00:00,6.11,100.0,1.03,322.0,1.54,0.0,100020.0,6.11,,NW
2023-01-08 17:55:00+00:00,6.67,100.0,0.0,185.0,1.03,0.0,100110.0,6.67,,S
2023-01-08 18:55:00+00:00,7.22,100.0,0.51,213.0,1.03,0.0,100150.0,7.22,,SSW
2023-01-08 19:55:00+00:00,7.22,100.0,0.0,54.0,1.03,0.0,100160.0,7.22,,NE
2023-01-08 20:55:00+00:00,7.78,100.0,2.06,138.0,3.09,0.0,100310.0,7.78,,SE
2023-01-08 21:55:00+00:00,8.33,100.0,2.06,150.0,4.12,0.0,100370.0,8.33,,SSE
2023-01-08 22:55:00+00:00,8.89,92.74,2.06,158.0,3.6,0.0,100460.0,7.76,,SSE
2023-01-08 23:55:00+00:00,8.89,89.29,1.03,177.0,5.14,0.0,100560.0,7.2,,S
2023-01-09 00:55:00+00:00,7.78,85.83,1.54,172.0,4.63,0.0,100650.0,5.53,,S
2023-01-09 01:55:00+00:00,6.11,92.58,0.51,175.0,1.54,0.0,100700.0,4.98,,S
2023-01-09 02:55:00+00:00,7.22,92.64,1.03,187.0,2.06,0.0,100810.0,6.09,,S
2023-01-09 03:55:00+00:00,6.67,92.61,1.54,135.0,2.57,0.0,100840.0,5.54,,SE
2023-01-09 04:55:00+00:00,7.78,85.83,1.54,159.0,2.57,0.0,100900.0,5.53,,SSE
2023-01-09 05:55:00+00:00,7.22,89.15,0.51,158.0,1.03,0.0,100940.0,5.53,,SSE
2023-01-09 06:55:00+00:00,6.11,96.23,1.54,70.0,3.6,0.0,100900.0,5.55,,ENE
2023-01-09 07:55:00+00:00,6.11,92.58,0.0,55.0,0.0,0.0,100810.0,4.98,,NE
2023-01-09 08:55:00+00:00,5.56,92.55,0.0,66.0,1.03,0.0,100710.0,4.43,,ENE
2023-01-09 09:55:00+00:00,5.56,96.21,0.51,319.0,1.54,0.0,100610.0,5.0,,NW
2023-01-09 10:55:00+00:00,5.56,96.21,0.0,42.0,1.54,0.0,100510.0,5.0,,NE
2023-01-09 11:55:00+00:00,5.56,89.01,0.0,39.0,1.03,0.0,100280.0,3.87,,NE
2023-01-09 12:55:00+00:00,6.67,76.22,1.54,15.0,3.09,0.0,100040.0,2.73,,NNE
2023-01-09 13:55:00+00:00,6.11,76.12,1.54,12.0,2.57,0.0,99810.0,2.17,,NNE
2023-01-09 14:55:00+00:00,6.11,76.12,2.06,13.0,2.57,0.0,99610.0,2.17,,NNE
2023-01-09 15:55:00+00:00,10.0,49.8,2.06,98.0,4.12,0.0,99500.0,-0.1,,E
2023-01-09 16:55:00+00:00,12.22,41.27,4.12,124.0,9.26,0.0,99420.0,-0.66,,SE
2023-01-09 17:55:00+00:00,12.22,42.97,4.63,124.0,8.75,0.0,99430.0,-0.1,,SE
2023-01-09 18:55:00+00:00,11.67,44.58,3.6,128.0,6.17,0.0,99470.0,-0.1,,SE
2023-01-09 19:55:00+00:00,11.67,56.59,2.57,159.0,4.63,0.0,99520.0,3.25,,SSE
2023-01-09 20:55:00+00:00,10.0,82.86,1.54,214.0,4.63,0.0,99730.0,7.19,,SW
2023-01-09 21:55:00+00:00,10.56,82.93,0.51,189.0,2.06,0.0,99750.0,7.75,,S
2023-01-09 22:55:00+00:00,7.78,89.2,1.54,167.0,3.6,0.0,99930.0,6.09,,SSE
2023-01-09 23:55:00+00:00,7.78,92.68,3.6,146.0,5.14,0.0,100040.0,6.65,,SE
2023-01-10 00:55:00+00:00,7.78,92.68,1.03,165.0,2.06,0.0,100130.0,6.65,,SSE
2023-01-10 01:55:00+00:00,7.78,92.68,0.51,26.0,1.03,0.0,100200.0,6.65,,NNE
2023-01-10 02:55:00+00:00,7.22,96.26,0.51,76.0,1.54,0.0,100150.0,6.66,,ENE
2023-01-10 03:55:00+00:00,6.67,96.24,0.51,209.0,1.54,0.0,100260.0,6.11,,SSW
2023-01-10 04:55:00+00:00,6.67,96.24,0.51,70.0,1.03,0.0,100350.0,6.11,,ENE
2023-01-10 05:55:00+00:00,7.22,92.64,1.54,72.0,3.6,0.0,100310.0,6.09,,ENE
2023-01-10 06:55:00+00:00,6.67,92.61,0.0,50.0,1.03,0.0,100340.0,5.54,,NE
2023-01-10 07:55:00+00:00,6.67,96.24,0.51,33.0,1.54,0.0,100400.0,6.11,,NNE
2023-01-10 08:55:00+00:00,6.67,92.61,1.03,41.0,2.06,0.0,100410.0,5.54,,NE
2023-01-10 09:55:00+00:00,6.67,92.61,0.0,49.0,1.54,0.0,100440.0,5.54,,NE
2023-01-10 10:55:00+00:00,6.67,92.61,0.0,51.0,1.03,0.0,100450.0,5.54,,NE
2023-01-10 11:55:00+00:00,6.11,96.23,0.0,69.0,1.03,0.0,100450.0,5.55,,ENE
2023-01-10 12:55:00+00:00,5.56,96.21,1.03,50.0,1.54,0.0,100430.0,5.0,,NE
2023-01-10 13:55:00+00:00,5.0,100.0,0.0,55.0,1.03,0.0,100410.0,5.0,,NE
2023-01-10 14:55:00+00:00,5.0,100.0,1.54,319.0,2.06,0.0,100370.0,5.0,,NW
2023-01-10 15:55:00+00:00,4.44,100.0,0.51,285.0,1.03,0.0,100310.0,4.44,,WNW
2023-01-10 16:55:00+00:00,7.22,85.77,1.03,29.0,3.09,0.0,100280.0,4.97,,NNE
2023-01-10 17:55:00+00:00,8.89,76.58,1.54,16.0,3.6,0.0,100250.0,4.95,,NNE
2023-01-10 18:55:00+00:00,11.11,63.48,1.54,2.0,2.57,0.0,100190.0,4.37,,N
2023-01-10 19:55:00+00:00,11.67,61.19,2.06,360.0,3.6,0.0,100130.0,4.37,,N
2023-01-10 20:55:00+00:00,12.22,61.32,2.06,350.0,3.09,0.0,100110.0,4.93,,N
2023-01-10 21:55:00+00:00,13.33,52.75,2.06,15.0,4.63,0.0,100060.0,3.8,,NNE
2023-01-10 22:55:00+00:00,12.78,56.87,2.06,357.0,3.6,0.0,100110.0,4.37,,N
2023-01-10 23:55:00+00:00,11.11,65.99,2.57,16.0,4.63,0.0,100130.0,4.93,,NNE
2023-01-11 00:55:00+00:00,9.44,73.77,0.0,56.0,1.54,0.0,100150.0,4.94,,NE
2023-01-11 01:55:00+00:00,8.89,70.85,1.03,53.0,2.57,0.0,100140.0,3.83,,NE
2023-01-11 02:55:00+00:00,7.78,76.4,1.03,12.0,1.54,0.0,100130.0,3.84,,NNE
2023-01-11 03:55:00+00:00,6.11,85.65,0.51,12.0,1.54,0.0,100210.0,3.86,,NNE
2023-01-11 04:55:00+00:00,5.0,88.97,1.03,342.0,1.54,0.0,100320.0,3.31,,NNW
2023-01-11 05:55:00+00:00,5.0,85.53,1.54,10.0,1.54,0.0,100410.0,2.75,,N
2023-01-11 06:55:00+00:00,5.0,88.97,0.0,44.0,1.03,0.0,100510.0,3.31,,NE
2023-01-11 07:55:00+00:00,5.0,88.97,0.51,17.0,1.03,0.0,100560.0,3.31,,NNE
2023-01-11 08:55:00+00:00,5.0,92.52,0.51,39.0,1.54,0.0,100610.0,3.87,,NE
2023-01-11 16:55:00+00:00,7.22,96.26,0.0,86.0,0.0,0.0,101160.0,6.66,,E
2023-01-11 17:55:00+00:00,8.33,92.71,0.51,151.0,1.03,0.0,101230.0,7.2,,SSE
2023-01-11 18:55:00+00:00,10.0,76.76,0.0,85.0,1.03,0.0,101240.0,6.07,,E
2023-01-11 19:55:00+00:00,13.89,52.9,1.03,114.0,2.57,0.0,101140.0,4.36,,ESE
2023-01-11 20:55:00+00:00,13.89,43.46,2.06,81.0,3.09,0.0,101050.0,1.57,,E
2023-01-11 21:55:00+00:00,13.33,43.3,3.09,117.0,5.14,0.0,101020.0,1.01,,ESE
2023-01-11 22:55:00+00:00,12.78,44.9,2.57,118.0,5.14,0.0,100970.0,1.02,,ESE
2023-01-11 23:55:00+00:00,12.78,51.0,4.12,96.0,5.66,0.0,100940.0,2.81,,E
2023-01-12 00:55:00+00:00,10.56,58.57,0.51,38.0,1.03,0.0,101020.0,2.7,,NE
2023-01-12 01:55:00+00:00,9.44,65.63,0.51,49.0,1.54,0.0,100990.0,3.26,,NE
2023-01-12 02:55:00+00:00,10.56,52.0,0.51,106.0,1.54,0.0,101000.0,1.02,,ESE
2023-01-12 03:55:00+00:00,10.0,65.75,1.03,122.0,1.54,0.0,101010.0,3.82,,ESE
2023-01-12 04:55:00+00:00,11.11,58.71,1.54,141.0,3.09,0.0,101030.0,3.25,,SE
2023-01-12 05:55:00+00:00,8.89,79.6,0.51,67.0,1.54,0.0,101000.0,5.52,,ENE
2023-01-12 06:55:00+00:00,8.89,79.6,0.0,94.0,0.51,0.0,101010.0,5.52,,E
2023-01-12 07:55:00+00:00,8.33,92.71,1.03,34.0,1.03,0.0,101010.0,7.2,,NE
2023-01-12 08:55:00+00:00,7.78,92.68,0.0,60.0,0.0,0.0,100940.0,6.65,,ENE
2023-01-12 09:55:00+00:00,7.78,92.68,0.51,139.0,2.06,0.0,100900.0,6.65,,SE
2023-01-12 10:55:00+00:00,7.78,96.28,0.0,48.0,1.03,0.0,100920.0,7.22,,NE
2023-01-12 11:55:00+00:00,7.78,96.28,0.51,67.0,1.03,0.0,100830.0,7.22,,ENE
2023-01-12 12:55:00+00:00,8.33,96.29,0.0,279.0,0.0,0.0,100880.0,7.77,,W
2023-01-12 13:55:00+00:00,8.33,96.29,0.0,66.0,0.0,0.0,100930.0,7.77,,ENE
2023-01-12 14:55:00+00:00,8.33,96.29,0.0,70.0,0.0,0.0,100990.0,7.77,,ENE
2023-01-12 15:55:00+00:00,8.33,100.0,0.0,83.0,0.0,0.0,101050.0,8.33,,E
2023-01-12 16:55:00+00:00,8.89,100.0,0.0,43.0,0.0,0.0,101110.0,8.89,,NE
2023-01-12 17:55:00+00:00,8.89,100.0,0.0,45.0,0.0,0.0,101160.0,8.89,,NE
2023-01-12 18:55:00+00:00,9.44,96.32,0.0,53.0,0.0,0.0,101150.0,8.88,,NE
2023-01-12 19:55:00+00:00,9.44,96.32,0.51,220.0,1.54,0.0,101170.0,8.88,,SW
2023-01-12 20:55:00+00:00,9.44,100.0,0.51,102.0,1.54,0.0,101060.0,9.44,,ESE
2023-01-12 21:55:00+00:00,10.0,92.8,1.03,111.0,2.06,0.0,101000.0,8.88,,ESE
2023-01-12 22:55:00+00:00,10.56,92.83,0.0,93.0,1.03,0.0,101010.0,9.44,,E
2023-01-12 23:55:00+00:00,10.56,92.83,0.51,28.0,1.54,0.0,101000.0,9.44,,NNE
2023-01-13 00:55:00+00:00,10.0,96.34,0.0,80.0,0.0,0.0,101010.0,9.44,,E
2023-01-13 01:55:00+00:00,10.0,96.34,0.0,87.0,0.0,0.0,101010.0,9.44,,E
2023-01-13 02:55:00+00:00,10.0,100.0,0.0,87.0,0.51,0.0,101030.0,10.0,,E
2023-01-13 03:55:00+00:00,9.44,100.0,0.51,77.0,2.06,0.0,100940.0,9.44,,ENE
2023-01-13 04:55:00+00:00,10.0,100.0,0.0,58.0,0.51,0.0,100900.0,10.0,,ENE
2023-01-13 05:55:00+00:00,10.0,100.0,0.51,29.0,1.03,0.0,101000.0,10.0,,NNE
2023-01-13 06:55:00+00:00,10.0,100.0,0.0,94.0,0.51,0.0,100930.0,10.0,,E
2023-01-13 07:55:00+00:00,9.44,100.0,0.0,27.0,1.03,0.0,100810.0,9.44,,NNE
2023-01-13 08:55:00+00:00,9.44,100.0,0.0,251.0,0.0,0.0,100770.0,9.44,,WSW
2023-01-13 09:55:00+00:00,9.44,100.0,0.51,35.0,1.54,0.0,100760.0,9.44,,NE
2023-01-13 10:55:00+00:00,8.89,100.0,0.51,122.0,1.03,0.0,100730.0,8.89,,ESE
2023-01-13 11:55:00+00:00,9.44,100.0,1.03,26.0,1.54,0.0,100730.0,9.44,,NNE
2023-01-13 12:55:00+00:00,8.89,100.0,0.51,125.0,1.03,0.0,100710.0,8.89,,SE
2023-01-13 13:55:00+00:00,8.89,100.0,1.03,110.0,2.57,0.0,100690.0,8.89,,ESE
2023-01-13 14:55:00+00:00,8.89,100.0,0.0,90.0,0.0,0.0,100650.0,8.89,,E
2023-01-13 15:55:00+00:00,9.44,96.32,0.51,92.0,1.54,0.0,100620.0,8.88,,E
2023-01-13 16:55:00+00:00,9.44,100.0,0.51,162.0,1.54,0.0,100650.0,9.44,,SSE
2023-01-13 17:55:00+00:00,10.56,100.0,2.06,174.0,4.12,0.0,100700.0,10.56,,S
2023-01-13 18:55:00+00:00,10.0,96.34,2.57,142.0,4.12,0.0,100700.0,9.44,,SE
2023-01-13 19:55:00+00:00,10.0,100.0,1.03,168.0,1.54,0.0,100670.0,10.0,,SSE
2023-01-13 20:55:00+00:00,10.0,100.0,0.51,130.0,1.54,0.0,100570.0,10.0,,SE
2023-01-13 21:55:00+00:00,10.0,96.34,0.51,155.0,1.54,0.0,100530.0,9.44,,SSE
2023-01-13 22:55:00+00:00,10.0,100.0,1.54,142.0,2.57,0.0,100520.0,10.0,,SE
2023-01-13 23:55:00+00:00,10.0,100.0,0.0,119.0,1.03,0.0,100500.0,10.0,,ESE
2023-01-14 00:55:00+00:00,9.44,96.32,0.0,115.0,1.03,0.0,100480.0,8.88,,ESE
2023-01-14 01:55:00+00:00,8.89,100.0,0.51,101.0,1.03,0.0,100430.0,8.89,,E
2023-01-14 02:55:00+00:00,8.89,100.0,0.0,125.0,0.51,0.0,100400.0,8.89,,SE
2023-01-14 03:55:00+00:00,8.89,100.0,0.0,91.0,0.0,0.0,100360.0,8.89,,E
2023-01-14 04:55:00+00:00,8.33,100.0,0.0,131.0,0.0,0.0,100340.0,8.33,,SE
2023-01-14 05:55:00+00:00,8.89,100.0,0.51,117.0,1.54,0.0,100360.0,8.89,,ESE
2023-01-14 06:55:00+00:00,8.33,100.0,1.54,144.0,2.57,0.0,100370.0,8.33,,SE
2023-01-14 07:55:00+00:00,8.33,100.0,0.0,119.0,1.03,0.0,100360.0,8.33,,ESE
2023-01-14 08:55:00+00:00,8.33,100.0,0.51,72.0,1.03,0.0,100350.0,8.33,,ENE
2023-01-14 09:55:00+00:00,8.33,100.0,0.0,105.0,0.0,0.0,100350.0,8.33,,ESE
2023-01-14 10:55:00+00:00,8.33,100.0,0.0,121.0,1.03,0.0,100360.0,8.33,,ESE
2023-01-14 11:55:00+00:00,8.33,96.29,0.51,86.0,1.54,0.0,100300.0,7.77,,E
2023-01-14 12:55:00+00:00,7.78,100.0,0.0,60.0,0.0,0.0,100240.0,7.78,,ENE
2023-01-14 13:55:00+00:00,7.22,100.0,0.0,59.0,0.0,0.0,100150.0,7.22,,ENE
2023-01-14 14:55:00+00:00,6.67,100.0,0.0,43.0,0.0,0.0,100080.0,6.67,,NE
2023-01-14 15:55:00+00:00,5.56,100.0,0.0,44.0,1.03,0.0,99980.0,5.56,,NE
2023-01-14 16:55:00+00:00,5.56,100.0,0.0,21.0,1.03,0.0,99900.0,5.56,,NNE
2023-01-14 17:55:00+00:00,7.78,100.0,0.0,35.0,1.03,0.0,99820.0,7.78,,NE
2023-01-14 18:55:00+00:00,10.56,82.93,0.51,38.0,2.06,0.0,99670.0,7.75,,NE
2023-01-14 19:55:00+00:00,12.78,68.93,1.03,47.0,2.06,0.0,99510.0,7.17,,NE
2023-01-14 20:55:00+00:00,13.89,54.99,2.06,93.0,4.63,0.0,99370.0,4.92,,E
2023-01-14 21:55:00+00:00,15.0,53.19,1.54,71.0,3.6,0.0,99250.0,5.48,,ENE
2023-01-14 22:55:00+00:00,15.0,51.18,1.03,80.0,2.57,0.0,99180.0,4.92,,E
2023-01-14 23:55:00+00:00,13.33,61.58,0.51,12.0,1.54,0.0,99180.0,6.04,,NNE
2023-01-15 00:55:00+00:00,12.22,54.56,1.03,53.0,2.57,0.0,99180.0,3.25,,NE
2023-01-15 01:55:00+00:00,13.33,48.77,0.51,110.0,2.57,0.0,99150.0,2.69,,ESE
2023-01-15 02:55:00+00:00,12.22,56.73,0.51,63.0,1.54,0.0,99150.0,3.81,,ENE
2023-01-15 03:55:00+00:00,11.11,65.99,0.51,34.0,1.54,0.0,99120.0,4.93,,NE
2023-01-15 04:55:00+00:00,10.56,73.97,0.51,267.0,2.06,0.0,99170.0,6.07,,W
2023-01-15 05:55:00+00:00,9.44,86.0,0.0,129.0,1.03,0.0,99220.0,7.19,,SE
2023-01-15 06:55:00+00:00,9.44,86.0,2.06,90.0,3.6,0.0,99250.0,7.19,,E
2023-01-15 07:55:00+00:00,8.89,85.95,1.03,34.0,2.06,0.0,99210.0,6.64,,NE
2023-01-15 08:55:00+00:00,8.89,89.29,0.0,57.0,0.51,0.0,99190.0,7.2,,ENE
2023-01-15 09:55:00+00:00,8.89,79.6,1.54,52.0,2.06,0.0,99140.0,5.52,,NE
2023-01-15 10:55:00+00:00,8.33,79.52,0.51,51.0,2.06,0.0,99120.0,4.96,,NE
2023-01-15 11:55:00+00:00,7.22,85.77,0.51,238.0,1.54,0.0,99070.0,4.97,,WSW
2023-01-15 12:55:00+00:00,6.11,92.58,0.51,59.0,1.54,0.0,99100.0,4.98,,ENE
2023-01-15 13:55:00+00:00,6.11,92.58,0.0,218.0,0.0,0.0,99090.0,4.98,,SW
2023-01-15 14:55:00+00:00,6.11,96.23,0.51,220.0,1.54,0.0,99140.0,5.55,,SW
2023-01-15 15:55:00+00:00,6.67,92.61,0.0,49.0,0.0,0.0,99170.0,5.54,,NE
2023-01-15 16:55:00+00:00,7.78,92.68,0.51,155.0,1.54,0.0,99180.0,6.65,,SSE
2023-01-15 17:55:00+00:00,8.33,92.71,0.51,240.0,1.54,0.0,99230.0,7.2,,WSW
2023-01-15 18:55:00+00:00,9.44,82.79,0.0,284.0,1.03,0.0,99240.0,6.63,,WNW
2023-01-15 19:55:00+00:00,9.44,82.79,0.51,99.0,1.03,0.0,99260.0,6.63,,E
2023-01-15 20:55:00+00:00,8.33,92.71,0.51,13.0,1.03,0.0,99300.0,7.2,,NNE
2023-01-15 21:55:00+00:00,8.33,92.71,0.0,220.0,1.03,0.0,99340.0,7.2,,SW
2023-01-15 22:55:00+00:00,8.89,98.0,4.12,64.0,5.14,,99370.0,8.59,,ENE
2023-01-15 23:55:00+00:00,8.89,97.0,2.57,68.0,3.6,,99420.0,8.43,,ENE
2023-01-16 00:55:00+00:00,8.89,94.0,3.09,112.0,5.14,,99500.0,7.97,,ESE
2023-01-16 01:55:00+00:00,8.33,97.0,4.12,108.0,5.66,,99570.0,7.88,,ESE
2023-01-16 02:55:00+00:00,8.33,91.0,5.66,159.0,10.29,,99660.0,6.93,,SSE
2023-01-16 03:55:00+00:00,7.78,95.0,5.66,132.0,8.75,,99740.0,7.02,,SE
2023-01-16 04:55:00+00:00,7.78,97.0,6.17,135.0,10.29,,99810.0,7.33,,SE
2023-01-16 05:55:00+00:00,7.78,92.0,7.2,148.0,10.29,,99880.0,6.55,,SSE
2023-01-16 06:55:00+00:00,7.78,87.0,6.69,147.0,8.23,,99980.0,5.73,,SSE
2023-01-16 07:55:00+00:00,7.78,85.0,6.17,147.0,9.26,,100060.0,5.39,,SSE
2023-01-16 08:55:00+00:00,8.33,84.0,5.66,145.0,9.26,,100120.0,5.75,,SE
2023-01-16 09:55:00+00:00,8.33,83.0,5.14,155.0,7.2,,100180.0,5.58,,SSE
2023-01-16 10:55:00+00:00,8.33,82.0,5.14,159.0,7.72,,100240.0,5.4,,SSE
2023-01-16 11:55:00+00:00,8.33,79.0,7.2,157.0,10.8,,100280.0,4.86,,SSE
2023-01-16 12:55:00+00:00,7.78,82.0,4.63,161.0,7.72,,100330.0,4.86,,SSE
2023-01-16 13:55:00+00:00,2.78,83.0,4.63,176.0,7.2,,100360.0,0.14,,S
2023-01-16 14:55:00+00:00,2.22,84.0,4.63,154.0,5.66,,100410.0,-0.24,,SSE
2023-01-16 15:55:00+00:00,7.78,83.0,4.12,150.0,5.66,,100480.0,5.04,,SSE
2023-01-16 16:55:00+00:00,-2.78,81.0,4.63,152.0,6.69,,100560.0,-5.63,,SSE
2023-01-16 17:55:00+00:00,-2.22,77.0,4.12,130.0,6.69,,100620.0,-5.76,,SE
2023-01-16 18:55:00+00:00,3.33,76.0,5.14,166.0,7.2,,100630.0,-0.55,,SSE
2023-01-16 19:55:00+00:00,3.89,74.0,5.66,193.0,8.23,,100620.0,-0.38,,SSW
2023-01-16 20:55:00+00:00,3.89,72.0,5.66,197.0,8.23,,100600.0,-0.76,,SSW
2023-01-16 21:55:00+00:00,-1.67,72.0,6.69,207.0,8.23,,100600.0,-6.12,,SSW
2023-01-16 22:55:00+00:00,4.44,69.0,5.66,194.0,8.23,,100650.0,-0.82,,SSW
2023-01-16 23:55:00+00:00,2.78,70.0,4.12,190.0,5.66,,100700.0,-2.21,,S
2023-01-17 00:55:00+00:00,3.89,74.0,3.6,216.0,5.14,,100760.0,-0.38,,SW
2023-01-17 01:55:00+00:00,8.89,74.0,3.09,182.0,5.14,,100800.0,4.46,,S
2023-01-17 02:55:00+00:00,8.33,79.0,4.12,129.0,6.17,,100850.0,4.86,,SE
2023-01-17 03:55:00+00:00,8.33,79.0,4.63,165.0,6.69,,100890.0,4.86,,SSE
2023-01-17 04:55:00+00:00,7.78,81.0,3.6,106.0,5.66,,100930.0,4.69,,ESE
2023-01-17 05:55:00+00:00,2.22,81.0,4.63,147.0,6.69,,100970.0,-0.74,,SSE
2023-01-17 06:55:00+00:00,2.22,80.0,3.09,136.0,4.63,,101010.0,-0.92,,SE
2023-01-17 07:55:00+00:00,7.22,81.0,4.12,126.0,5.14,,101040.0,4.14,,SE
2023-01-17 08:55:00+00:00,-2.78,83.0,3.6,97.0,4.63,,101040.0,-5.3,,E
2023-01-17 09:55:00+00:00,7.22,80.0,3.6,125.0,5.66,,101090.0,3.96,,SE
2023-01-17 10:55:00+00:00,2.22,81.0,4.12,125.0,5.66,,101140.0,-0.74,,SE
2023-01-17 11:55:00+00:00,-3.33,90.0,3.6,162.0,5.66,,101170.0,-4.76,,SSE
2023-01-17 12:55:00+00:00,1.67,89.0,3.6,123.0,6.69,,101210.0,0.03,,ESE
2023-01-17 13:55:00+00:00,-3.33,94.0,4.12,126.0,6.69,,101210.0,-4.17,,SE
2023-01-17 14:55:00+00:00,-3.33,98.0,4.63,129.0,6.69,,101240.0,-3.6,,SE
2023-01-17 15:55:00+00:00,1.67,98.0,4.12,128.0,6.69,,101280.0,1.38,,SE
2023-01-17 16:55:00+00:00,-2.78,93.0,3.6,156.0,5.14,,101340.0,-3.77,,SSE
2023-01-17 17:55:00+00:00,7.78,87.0,4.63,176.0,6.69,,101390.0,5.73,,S
2023-01-17 18:55:00+00:00,8.33,83.0,5.66,176.0,7.72,,101390.0,5.58,,S
2023-01-17 19:55:00+00:00,3.33,81.0,6.17,168.0,8.75,,101370.0,0.34,,SSE
2023-01-17 20:55:00+00:00,8.89,80.0,3.6,170.0,6.17,,101340.0,5.59,,S
2023-01-17 21:55:00+00:00,8.89,78.0,4.63,186.0,6.17,,101330.0,5.22,,S
2023-01-17 22:55:00+00:00,8.89,78.0,6.69,159.0,9.77,,101330.0,5.22,,SSE
2023-01-17 23:55:00+00:00,8.89,80.0,5.66,165.0,8.23,,101320.0,5.59,,SSE
2023-01-18 00:55:00+00:00,8.89,78.0,4.63,158.0,6.69,,101290.0,5.22,,SSE
2023-01-18 01:55:00+00:00,8.89,80.0,4.63,132.0,7.2,,101280.0,5.59,,SE
2023-01-18 02:55:00+00:00,3.33,86.0,3.6,130.0,4.63,,101270.0,1.18,,SE
2023-01-18 03:55:00+00:00,2.78,93.0,4.12,97.0,5.14,,101240.0,1.75,,E
2023-01-18 04:55:00+00:00,7.78,97.0,3.6,91.0,5.14,,101210.0,7.33,,E
2023-01-18 05:55:00+00:00,7.78,92.0,3.6,100.0,4.63,,101220.0,6.55,,E
2023-01-18 06:55:00+00:00,7.78,91.0,3.6,121.0,5.14,,101170.0,6.39,,ESE
2023-01-18 07:55:00+00:00,7.78,88.0,5.66,135.0,8.23,,101110.0,5.89,,SE
2023-01-18 08:55:00+00:00,2.78,86.0,5.66,134.0,8.23,,101070.0,0.64,,SE
2023-01-18 09:55:00+00:00,2.78,88.0,5.14,140.0,6.69,,101050.0,0.96,,SE
2023-01-18 10:55:00+00:00,7.78,84.0,4.12,118.0,7.72,,100960.0,5.21,,ESE
2023-01-18 11:55:00+00:00,8.33,81.0,4.63,127.0,8.23,,100820.0,5.22,,SE
2023-01-18 12:55:00+00:00,8.33,82.0,4.12,130.0,7.72,,100750.0,5.4,,SE
2023-01-18 13:55:00+00:00,2.22,88.0,3.6,130.0,6.17,,100660.0,0.41,,SE
2023-01-18 14:55:00+00:00,7.78,87.0,4.63,140.0,7.2,,100660.0,5.73,,SE
2023-01-18 15:55:00+00:00,7.78,85.0,5.14,155.0,6.69,,100720.0,5.39,,SSE
2023-01-18 16:55:00+00:00,8.33,83.0,5.66,159.0,9.77,,100790.0,5.58,,SSE
2023-01-18 17:55:00+00:00,-2.78,94.0,9.26,200.0,13.38,,100830.0,-3.62,-14.86,SSW
2023-01-18 18:55:00+00:00,7.22,90.0,5.66,183.0,8.75,,100880.0,5.67,,S
2023-01-18 19:55:00+00:00,6.67,93.0,5.66,210.0,8.23,,100960.0,5.6,,SSW
2023-01-18 20:55:00+00:00,6.11,92.0,5.66,208.0,8.75,,101010.0,4.89,,SSW
2023-01-18 21:55:00+00:00,6.67,89.0,5.66,196.0,8.23,,101080.0,4.96,,SSW
2023-01-18 22:55:00+00:00,6.67,89.0,2.57,170.0,4.63,,101150.0,4.96,,S
2023-01-18 23:55:00+00:00,0.56,90.0,3.09,217.0,3.6,,101250.0,-0.91,,SW
2023-01-19 00:55:00+00:00,7.22,94.0,2.57,24.0,3.6,,101340.0,6.31,,NNE
2023-01-19 01:55:00+00:00,6.11,94.0,1.03,141.0,3.6,,101390.0,5.2,,SE
2023-01-19 02:55:00+00:00,5.56,100.0,2.06,20.0,4.12,,101500.0,5.56,,NNE
2023-01-19 03:55:00+00:00,5.56,98.0,4.12,89.0,5.14,,101560.0,5.26,,E
2023-01-19 04:55:00+00:00,5.0,95.0,3.09,104.0,4.63,,101650.0,4.26,,ESE
2023-01-19 05:55:00+00:00,5.0,97.0,3.09,95.0,4.63,,101760.0,4.56,,E
2023-01-19 06:55:00+00:00,5.0,98.0,3.09,72.0,4.63,,101870.0,4.71,,ENE
2023-01-19 07:55:00+00:00,5.0,100.0,3.6,124.0,5.14,,101950.0,5.0,,SE
2023-01-19 08:55:00+00:00,-13.33,100.0,3.6,114.0,4.63,,102020.0,-13.33,,ESE
2023-01-19 09:55:00+00:00,5.0,99.0,3.09,69.0,4.12,,102110.0,4.85,,ENE
2023-01-19 10:55:00+00:00,5.0,90.0,3.09,66.0,4.63,,102190.0,3.48,,ENE
2023-01-19 11:55:00+00:00,0.56,93.0,2.57,114.0,4.12,,102260.0,-0.46,,ESE
2023-01-19 12:55:00+00:00,-4.44,94.0,2.57,284.0,4.12,,102330.0,-5.27,,WNW
2023-01-19 13:55:00+00:00,5.0,95.0,3.6,126.0,5.14,,102410.0,4.26,,SE
2023-01-19 14:55:00+00:00,0.0,95.0,3.09,94.0,4.12,,102480.0,-0.72,,E
2023-01-19 15:55:00+00:00,4.44,91.0,3.09,135.0,5.14,,102550.0,3.08,,SE
2023-01-19 16:55:00+00:00,5.0,88.0,5.14,147.0,6.69,,102650.0,3.15,,SSE
2023-01-19 17:55:00+00:00,1.11,90.0,3.6,108.0,5.14,,102740.0,-0.37,,ESE
2023-01-19 18:55:00+00:00,-2.78,79.0,3.6,90.0,5.14,,102830.0,-5.96,,E
2023-01-19 19:55:00+00:00,6.11,80.0,4.63,117.0,6.69,,102860.0,2.88,,ESE
2023-01-19 20:55:00+00:00,6.67,79.0,3.09,106.0,5.66,,102870.0,3.24,,ESE
2023-01-19 21:55:00+00:00,-3.33,79.0,4.12,154.0,6.17,,102860.0,-6.49,,SSE
2023-01-19 22:55:00+00:00,6.11,80.0,4.12,161.0,6.17,,102910.0,2.88,,SSE
2023-01-19 23:55:00+00:00,5.56,83.0,3.09,216.0,4.12,,102930.0,2.87,,SW
2023-01-20 00:55:00+00:00,0.56,85.0,3.6,219.0,4.63,,102940.0,-1.7,,SW
2023-01-20 01:55:00+00:00,5.0,88.0,2.57,277.0,3.6,,102960.0,3.15,,W
2023-01-20 02:55:00+00:00,5.0,92.0,3.09,209.0,4.12,,102990.0,3.79,,SSW
2023-01-20 03:55:00+00:00,4.44,92.0,2.57,53.0,3.6,,103040.0,3.24,,NE
2023-01-20 04:55:00+00:00,3.89,97.0,4.12,210.0,5.66,,103100.0,3.45,,SSW
2023-01-20 05:55:00+00:00,4.44,94.0,2.06,163.0,3.6,,103180.0,3.55,,SSE
2023-01-20 06:55:00+00:00,4.44,96.0,1.54,229.0,3.09,,103190.0,3.85,,SW
2023-01-20 07:55:00+00:00,5.0,91.0,3.09,84.0,4.12,,103160.0,3.63,,E
2023-01-20 08:55:00+00:00,-13.33,94.0,3.6,91.0,3.6,,103170.0,-14.1,,E
2023-01-20 09:55:00+00:00,4.44,95.0,3.09,89.0,4.63,,103210.0,3.7,,E
2023-01-20 10:55:00+00:00,5.0,94.0,3.09,82.0,4.12,,103230.0,4.1,,E
2023-01-20 11:55:00+00:00,0.0,96.0,2.57,42.0,3.09,,103210.0,-0.57,,NE
2023-01-20 12:55:00+00:00,4.44,96.0,2.57,68.0,3.6,,103160.0,3.85,,ENE
2023-01-20 13:55:00+00:00,4.44,93.0,2.57,33.0,3.6,,103180.0,3.39,,NNE
2023-01-20 14:55:00+00:00,-0.56,94.0,2.57,1.0,3.6,,103200.0,-1.42,,N
2023-01-20 15:55:00+00:00,3.89,92.0,2.57,54.0,4.12,,103210.0,2.69,,NE
2023-01-20 16:55:00+00:00,4.44,89.0,2.57,39.0,3.6,,103260.0,2.76,,NE
2023-01-20 17:55:00+00:00,0.56,89.0,2.57,261.0,3.6,,103300.0,-1.07,,W
2023-01-20 18:55:00+00:00,6.11,87.0,2.06,291.0,3.09,,103270.0,4.08,,WNW
2023-01-20 19:55:00+00:00,1.67,83.0,2.57,254.0,4.12,,103240.0,-0.94,,WSW
2023-01-20 20:55:00+00:00,8.89,72.0,2.06,96.0,3.09,,103200.0,4.06,,E
2023-01-20 21:55:00+00:00,10.0,66.0,1.54,295.0,4.63,,103170.0,3.88,,WNW
2023-01-20 22:55:00+00:00,10.0,64.0,2.06,115.0,3.6,,103140.0,3.43,,ESE
2023-01-20 23:55:00+00:00,7.78,77.0,3.09,296.0,4.63,,103130.0,3.95,,WNW
2023-01-21 00:55:00+00:00,7.22,82.0,2.06,346.0,4.12,,103120.0,4.32,,NNW
2023-01-21 01:55:00+00:00,6.67,82.0,1.03,37.0,3.09,,103100.0,3.78,,NE
2023-01-21 02:55:00+00:00,-8.33,80.0,2.57,58.0,2.57,,103050.0,-11.2,,ENE
2023-01-21 03:55:00+00:00,1.11,84.0,1.54,333.0,3.09,,102980.0,-1.33,,NNW
2023-01-21 04:55:00+00:00,5.0,86.0,2.57,14.0,4.63,,102950.0,2.82,,NNE
2023-01-21 05:55:00+00:00,5.0,87.0,1.03,312.0,3.09,,102940.0,2.99,,NW
2023-01-21 06:55:00+00:00,3.89,87.0,3.09,350.0,3.6,,102910.0,1.9,,N
2023-01-21 07:55:00+00:00,3.33,94.0,3.09,57.0,4.12,,102920.0,2.44,,ENE
2023-01-21 08:55:00+00:00,-1.11,96.0,3.6,49.0,4.12,,102830.0,-1.67,,NE
2023-01-21 09:55:00+00:00,2.78,97.0,0.51,229.0,2.57,,102780.0,2.34,,SW
2023-01-21 10:55:00+00:00,-1.67,97.0,0.51,243.0,2.57,,102690.0,-2.09,,WSW
2023-01-21 11:55:00+00:00,-1.67,99.0,2.57,79.0,3.09,,102650.0,-1.81,,E
2023-01-21 12:55:00+00:00,-2.22,99.0,2.57,61.0,3.6,,102490.0,-2.36,,ENE
2023-01-21 13:55:00+00:00,-6.11,100.0,1.54,81.0,3.09,,102320.0,-6.11,,E
2023-01-21 14:55:00+00:00,1.67,100.0,4.12,210.0,5.14,,102250.0,1.67,,SSW
2023-01-21 15:55:00+00:00,-1.67,100.0,4.12,92.0,5.66,,102230.0,-1.67,,E
2023-01-21 16:55:00+00:00,-5.56,100.0,3.09,68.0,4.63,,102280.0,-5.56,,ENE
2023-01-21 17:55:00+00:00,-4.44,82.0,6.17,190.0,9.77,,102270.0,-7.09,,S
2023-01-21 18:55:00+00:00,0.0,87.0,6.69,195.0,9.77,,102260.0,-1.93,,SSW
2023-01-21 19:55:00+00:00,3.33,98.0,5.14,174.0,7.2,,102200.0,3.04,,S
2023-01-21 20:55:00+00:00,-1.67,100.0,5.14,95.0,7.72,,102050.0,-1.67,,E
2023-01-21 21:55:00+00:00,5.0,95.0,4.63,78.0,6.69,,101860.0,4.26,,ENE
2023-01-21 22:55:00+00:00,1.67,87.0,4.12,114.0,5.14,,101760.0,-0.29,,ESE
2023-01-21 23:55:00+00:00,0.0,92.0,6.17,178.0,9.26,,101740.0,-1.16,,S
2023-01-22 00:55:00+00:00,5.0,96.0,4.12,171.0,6.17,,101760.0,4.41,,S
2023-01-22 01:55:00+00:00,4.44,100.0,4.63,285.0,6.69,,101870.0,4.44,,WNW
2023-01-22 02:55:00+00:00,0.0,99.0,3.09,251.0,4.63,,101990.0,-0.14,,WSW
2023-01-22 03:55:00+00:00,4.44,98.0,3.6,246.0,5.14,,102140.0,4.15,,WSW
2023-01-22 04:55:00+00:00,5.0,94.0,5.14,324.0,9.77,,102250.0,4.1,,NW
2023-01-22 05:55:00+00:00,5.56,92.0,5.14,330.0,8.23,,102320.0,4.35,,NNW
2023-01-22 06:55:00+00:00,5.0,95.0,3.09,255.0,4.12,,102470.0,4.26,,WSW
2023-01-22 07:55:00+00:00,5.0,93.0,3.09,279.0,4.12,,102560.0,3.95,,W
2023-01-22 08:55:00+00:00,5.0,93.0,3.09,358.0,4.63,,102590.0,3.95,,N
2023-01-22 09:55:00+00:00,0.56,94.0,4.12,54.0,5.14,,102690.0,-0.31,,NE
2023-01-22 10:55:00+00:00,-4.44,97.0,2.06,53.0,3.09,,102780.0,-4.85,,NE
2023-01-22 11:55:00+00:00,-8.89,96.0,2.57,78.0,3.09,,102800.0,-9.42,,ENE
2023-01-22 12:55:00+00:00,4.44,93.0,2.57,160.0,4.12,,102840.0,3.39,,SSE
2023-01-22 13:55:00+00:00,4.44,96.0,3.6,48.0,4.63,,102890.0,3.85,,NE
2023-01-22 14:55:00+00:00,3.89,100.0,2.06,71.0,3.09,,102930.0,3.89,,ENE
2023-01-22 15:55:00+00:00,-0.56,100.0,3.09,45.0,4.63,,102990.0,-0.56,,NE
2023-01-22 16:55:00+00:00,3.89,99.0,3.6,45.0,5.66,,103050.0,3.74,,NE
2023-01-22 17:55:00+00:00,4.44,99.0,2.57,51.0,3.6,,103090.0,4.29,,NE
2023-01-22 18:55:00+00:00,0.56,94.0,2.57,64.0,3.6,,103110.0,-0.31,,ENE
2023-01-22 19:55:00+00:00,6.11,87.0,3.09,76.0,4.12,,103090.0,4.08,,ENE
2023-01-22 20:55:00+00:00,6.67,84.0,3.09,216.0,5.14,,103040.0,4.13,,SW
2023-01-22 21:55:00+00:00,6.11,85.0,2.57,224.0,3.6,,103040.0,3.75,,SW
2023-01-22 22:55:00+00:00,7.22,75.0,1.54,37.0,3.09,,103100.0,3.03,,NE
2023-01-22 23:55:00+00:00,7.22,72.0,2.57,43.0,3.09,,103150.0,2.45,,NE
2023-01-23 00:55:00+00:00,6.11,79.0,2.06,19.0,3.09,,103140.0,2.7,,NNE
2023-01-23 01:55:00+00:00,1.67,80.0,2.06,11.0,3.6,,103130.0,-1.45,,N
2023-01-23 02:55:00+00:00,1.11,85.0,0.51,57.0,2.57,,103160.0,-1.16,,ENE
2023-01-23 03:55:00+00:00,5.0,88.0,1.54,309.0,3.09,,103150.0,3.15,,NW
2023-01-23 04:55:00+00:00,4.44,92.0,3.09,68.0,4.12,,103150.0,3.24,,ENE
2023-01-23 05:55:00+00:00,4.44,95.0,2.57,50.0,3.09,,103130.0,3.7,,NE
2023-01-23 06:55:00+00:00,3.89,99.0,2.06,43.0,3.09,,103140.0,3.74,,NE
2023-01-23 07:55:00+00:00,3.89,98.0,3.09,81.0,3.6,,103110.0,3.6,,E
2023-01-23 08:55:00+00:00,-13.33,90.0,3.09,88.0,3.6,,103100.0,-14.64,,E
2023-01-23 09:55:00+00:00,0.0,87.0,3.09,89.0,4.12,,103110.0,-1.93,,E
2023-01-23 10:55:00+00:00,-4.44,85.0,2.57,97.0,4.12,,103190.0,-6.61,,E
2023-01-23 11:55:00+00:00,4.44,88.0,2.57,25.0,4.12,,103250.0,2.6,,NNE
2023-01-23 12:55:00+00:00,3.89,93.0,4.12,86.0,5.66,,103190.0,2.85,,E
2023-01-23 13:55:00+00:00,4.44,87.0,1.54,89.0,3.09,,103170.0,2.44,,E
2023-01-23 14:55:00+00:00,4.44,86.0,2.57,279.0,4.12,,103210.0,2.27,,W
2023-01-23 15:55:00+00:00,0.0,89.0,4.12,56.0,4.63,,103180.0,-1.62,,NE
2023-01-23 16:55:00+00:00,4.44,88.0,4.12,90.0,5.14,,103190.0,2.6,,E
2023-01-23 17:55:00+00:00,1.11,84.0,1.54,224.0,3.09,,103190.0,-1.33,,SW
2023-01-23 18:55:00+00:00,5.56,88.0,2.57,159.0,4.63,,103160.0,3.71,,SSE
2023-01-23 19:55:00+00:00,2.22,79.0,2.57,200.0,3.09,,103310.0,-1.09,,SSW
2023-01-23 20:55:00+00:00,2.78,79.0,3.09,105.0,5.14,,103190.0,-0.54,,ESE
2023-01-23 21:55:00+00:00,7.78,75.0,3.09,223.0,5.14,,103230.0,3.58,,SW
2023-01-23 22:55:00+00:00,3.33,71.0,2.06,214.0,3.6,,103240.0,-1.49,,SW
2023-01-23 23:55:00+00:00,7.78,77.0,3.09,96.0,4.63,,103210.0,3.95,,E
2023-01-24 00:55:00+00:00,7.78,75.0,1.03,141.0,2.06,,103210.0,3.58,,SE
2023-01-24 01:55:00+00:00,2.22,80.0,2.06,222.0,3.6,,103210.0,-0.92,,SW
2023-01-24 02:55:00+00:00,-3.33,85.0,2.06,97.0,2.57,,103240.0,-5.52,,E
2023-01-24 03:55:00+00:00,6.11,90.0,2.06,86.0,3.09,,103290.0,4.57,,E
2023-01-24 04:55:00+00:00,6.11,86.0,1.54,347.0,3.09,,103280.0,3.92,,NNW
2023-01-24 05:55:00+00:00,6.11,87.0,2.57,75.0,4.12,,103300.0,4.08,,ENE
2023-01-24 06:55:00+00:00,6.11,90.0,3.09,63.0,4.12,,103320.0,4.57,,ENE
2023-01-24 07:55:00+00:00,6.11,92.0,2.57,60.0,3.6,,103340.0,4.89,,ENE
2023-01-24 08:55:00+00:00,-13.33,93.0,3.09,50.0,3.6,,103340.0,-14.23,,NE
2023-01-24 09:55:00+00:00,-13.33,88.0,3.6,90.0,5.14,,103310.0,-14.92,,E
2023-01-24 10:55:00+00:00,-8.89,90.0,4.12,85.0,5.66,,103310.0,-10.25,,E
2023-01-24 11:55:00+00:00,-3.89,89.0,3.09,126.0,4.63,,103360.0,-5.46,,SE
2023-01-24 12:55:00+00:00,5.56,88.0,2.57,120.0,4.63,,103340.0,3.71,,ESE
2023-01-24 13:55:00+00:00,5.56,89.0,3.09,104.0,4.63,,103370.0,3.87,,ESE
2023-01-24 14:55:00+00:00,5.56,88.0,3.6,126.0,5.66,,103370.0,3.71,,SE
2023-01-24 15:55:00+00:00,-3.89,88.0,4.63,125.0,6.17,,103410.0,-5.61,,SE
2023-01-24 16:55:00+00:00,-3.89,88.0,4.12,150.0,6.69,,103390.0,-5.61,,SSE
2023-01-24 17:55:00+00:00,1.67,85.0,3.6,114.0,5.14,,103460.0,-0.61,,ESE
2023-01-24 18:55:00+00:00,6.11,87.0,2.06,129.0,5.66,,103510.0,4.08,,SE
2023-01-24 19:55:00+00:00,6.67,91.0,3.6,99.0,5.14,,103480.0,5.29,,E
2023-01-24 20:55:00+00:00,6.67,94.0,3.6,123.0,5.14,,103480.0,5.76,,ESE
2023-01-24 21:55:00+00:00,6.67,93.0,4.12,99.0,5.66,,103480.0,5.6,,E
2023-01-24 22:55:00+00:00,7.22,92.0,2.57,139.0,4.12,,103490.0,5.99,,SE
2023-01-24 23:55:00+00:00,7.22,93.0,3.6,82.0,4.63,,103510.0,6.15,,E
2023-01-25 00:55:00+00:00,7.22,94.0,2.57,68.0,4.12,,103560.0,6.31,,ENE
2023-01-25 01:55:00+00:00,2.78,95.0,3.09,101.0,4.12,,103550.0,2.05,,E
2023-01-25 02:55:00+00:00,7.22,96.0,3.09,100.0,4.12,,103570.0,6.62,,E
2023-01-25 03:55:00+00:00,7.22,98.0,1.03,12.0,3.6,,103620.0,6.92,,NNE
2023-01-25 04:55:00+00:00,7.22,100.0,3.09,106.0,4.63,,103610.0,7.22,,ESE
2023-01-25 05:55:00+00:00,7.22,100.0,3.09,84.0,4.12,,103660.0,7.22,,E
2023-01-25 06:55:00+00:00,7.22,100.0,2.57,95.0,4.12,,103710.0,7.22,,E
2023-01-25 07:55:00+00:00,7.22,100.0,3.6,89.0,4.63,,103730.0,7.22,,E
2023-01-25 08:55:00+00:00,7.22,100.0,2.06,87.0,3.6,,103750.0,7.22,,E
2023-01-25 09:55:00+00:00,-2.78,100.0,2.57,191.0,3.09,,103750.0,-2.78,,S
2023-01-25 10:55:00+00:00,2.22,100.0,2.06,243.0,3.6,,103780.0,2.22,,WSW
2023-01-25 11:55:00+00:00,-2.78,100.0,1.54,260.0,2.57,,103790.0,-2.78,,W
2023-01-25 12:55:00+00:00,7.22,100.0,2.06,224.0,2.57,,103820.0,7.22,,SW
2023-01-25 13:55:00+00:00,-2.78,100.0,2.57,279.0,3.6,,103830.0,-2.78,,W
2023-01-25 14:55:00+00:00,2.22,100.0,2.57,39.0,3.6,,103870.0,2.22,,NE
2023-01-25 15:55:00+00:00,7.22,98.0,2.57,327.0,4.12,,103900.0,6.92,,NNW
2023-01-25 16:55:00+00:00,-2.78,93.0,2.57,306.0,4.12,,103940.0,-3.77,,NW
2023-01-25 17:55:00+00:00,-2.22,92.0,3.09,292.0,5.14,,103990.0,-3.36,,WNW
2023-01-25 18:55:00+00:00,7.78,90.0,3.6,347.0,4.63,,103980.0,6.22,,NNW
2023-01-25 19:55:00+00:00,8.33,88.0,3.6,344.0,5.14,,103950.0,6.44,,NNW
2023-01-25 20:55:00+00:00,7.78,91.0,3.09,358.0,4.12,,103920.0,6.39,,N
2023-01-25 21:55:00+00:00,8.33,88.0,3.09,347.0,4.12,,103850.0,6.44,,NNW
2023-01-25 22:55:00+00:00,3.33,86.0,3.6,354.0,5.14,,103820.0,1.18,,N
2023-01-25 23:55:00+00:00,8.33,83.0,2.57,348.0,4.12,,103820.0,5.58,,NNW
2023-01-26 00:55:00+00:00,2.78,85.0,4.12,354.0,5.66,,103840.0,0.48,,N
2023-01-26 01:55:00+00:00,2.78,85.0,2.57,347.0,4.63,,103860.0,0.48,,NNW
2023-01-26 02:55:00+00:00,7.22,87.0,2.57,344.0,4.12,,103890.0,5.18,,NNW
2023-01-26 03:55:00+00:00,7.22,91.0,2.57,335.0,4.12,,103900.0,5.83,,NNW
2023-01-26 04:55:00+00:00,2.22,92.0,2.57,360.0,4.12,,103910.0,1.04,,N
2023-01-26 05:55:00+00:00,1.67,93.0,3.09,3.0,5.14,,103870.0,0.65,,N
2023-01-26 06:55:00+00:00,1.67,94.0,2.06,36.0,3.6,,103850.0,0.8,,NE
2023-01-26 07:55:00+00:00,6.67,95.0,2.06,42.0,4.12,,103850.0,5.92,,NE
2023-01-26 08:55:00+00:00,6.11,95.0,3.09,273.0,3.6,,103820.0,5.36,,W
2023-01-26 09:55:00+00:00,6.11,96.0,2.57,29.0,3.6,,103820.0,5.51,,NNE
2023-01-26 10:55:00+00:00,-3.89,98.0,2.57,56.0,3.6,,103820.0,-4.16,,NE
2023-01-26 11:55:00+00:00,0.56,100.0,2.06,352.0,4.63,,103770.0,0.56,,N
2023-01-26 12:55:00+00:00,0.0,100.0,3.09,352.0,4.12,,103750.0,0.0,,N
2023-01-26 13:55:00+00:00,-8.89,100.0,1.03,352.0,2.57,,103760.0,-8.89,,N
2023-01-26 14:55:00+00:00,-3.89,96.0,2.57,340.0,3.09,,103710.0,-4.44,,NNW
2023-01-26 15:55:00+00:00,-3.89,97.0,3.09,119.0,4.63,,103690.0,-4.3,,ESE
2023-01-26 16:55:00+00:00,1.11,96.0,3.09,94.0,4.12,,103770.0,0.53,,E
2023-01-26 17:55:00+00:00,-3.33,93.0,3.6,112.0,4.63,,103720.0,-4.31,,ESE
2023-01-26 18:55:00+00:00,6.11,91.0,2.57,64.0,3.09,,103720.0,4.73,,ENE
2023-01-26 19:55:00+00:00,2.22,86.0,2.57,88.0,3.6,,103620.0,0.09,,E
2023-01-26 20:55:00+00:00,6.67,87.0,3.6,136.0,5.14,,103490.0,4.63,,SE
2023-01-26 21:55:00+00:00,6.67,88.0,2.57,159.0,4.12,,103460.0,4.8,,SSE
2023-01-26 22:55:00+00:00,-2.78,86.0,2.06,94.0,3.6,,103460.0,-4.83,,E
2023-01-26 23:55:00+00:00,1.11,86.0,5.14,132.0,7.2,,103390.0,-1.0,,SE
2023-01-27 00:55:00+00:00,6.67,89.0,4.12,128.0,6.17,,103310.0,4.96,,SE
2023-01-27 01:55:00+00:00,1.67,89.0,3.09,125.0,4.63,,103260.0,0.03,,SE
2023-01-27 02:55:00+00:00,1.67,92.0,4.63,126.0,7.2,,103170.0,0.49,,SE
2023-01-27 03:55:00+00:00,1.67,95.0,3.6,149.0,5.14,,103140.0,0.94,,SSE
2023-01-27 04:55:00+00:00,6.67,92.0,3.09,146.0,5.14,,102980.0,5.45,,SE
2023-01-27 05:55:00+00:00,6.67,89.0,4.12,93.0,5.66,,102840.0,4.96,,E
2023-01-27 06:55:00+00:00,6.11,98.0,3.6,140.0,4.63,,102760.0,5.81,,SE
2023-01-27 07:55:00+00:00,6.67,100.0,3.6,129.0,5.66,,102580.0,6.67,,SE
2023-01-27 08:55:00+00:00,-12.78,100.0,4.12,153.0,6.17,,102440.0,-12.78,,SSE
2023-01-27 09:55:00+00:00,2.22,100.0,3.09,68.0,3.6,,102370.0,2.22,,ENE
2023-01-27 10:55:00+00:00,2.22,100.0,3.6,86.0,5.14,,102280.0,2.22,,E
2023-01-27 11:55:00+00:00,2.22,100.0,2.57,108.0,5.14,,102210.0,2.22,,ESE
2023-01-27 12:55:00+00:00,-7.78,100.0,2.06,69.0,3.09,,102190.0,-7.78,,ENE
2023-01-27 13:55:00+00:00,7.78,100.0,2.06,345.0,3.6,,102260.0,7.78,,NNW
2023-01-27 14:55:00+00:00,7.78,98.0,3.09,292.0,5.66,,102230.0,7.48,,WNW
2023-01-27 15:55:00+00:00,2.22,99.0,2.06,330.0,4.12,,102210.0,2.08,,NNW
2023-01-27 16:55:00+00:00,2.78,94.0,3.6,295.0,5.66,,102300.0,1.9,,WNW
2023-01-27 17:55:00+00:00,-2.22,93.0,4.12,358.0,6.17,,102360.0,-3.21,,N
2023-01-27 18:55:00+00:00,7.78,91.0,2.57,7.0,4.63,,102390.0,6.39,,N
2023-01-27 19:55:00+00:00,8.33,88.0,3.6,354.0,5.14,,102350.0,6.44,,N
2023-01-27 20:55:00+00:00,9.44,81.0,2.06,335.0,4.63,,102320.0,6.31,,NNW
2023-01-27 21:55:00+00:00,8.89,80.0,3.09,1.0,5.14,,102290.0,5.59,,N
2023-01-27 22:55:00+00:00,3.33,83.0,2.57,16.0,4.12,,102260.0,0.68,,NNE
2023-01-27 23:55:00+00:00,8.33,82.0,2.57,332.0,3.6,,102240.0,5.4,,NNW
2023-01-28 00:55:00+00:00,8.33,83.0,2.57,54.0,4.12,,102220.0,5.58,,NE
2023-01-28 01:55:00+00:00,8.33,82.0,3.09,77.0,3.6,,102180.0,5.4,,ENE
2023-01-28 02:55:00+00:00,8.33,84.0,3.09,65.0,4.12,,102170.0,5.75,,ENE
2023-01-28 03:55:00+00:00,2.78,90.0,3.09,100.0,4.12,,102170.0,1.28,,E
2023-01-28 04:55:00+00:00,2.22,97.0,3.09,94.0,4.12,,102130.0,1.79,,E
2023-01-28 05:55:00+00:00,7.22,93.0,3.09,31.0,4.12,,102130.0,6.15,,NNE
2023-01-28 06:55:00+00:00,7.22,92.0,3.6,53.0,4.12,,102100.0,5.99,,NE
2023-01-28 07:55:00+00:00,7.22,94.0,2.57,64.0,3.6,,102040.0,6.31,,ENE
2023-01-28 08:55:00+00:00,2.22,94.0,2.57,60.0,4.12,,102000.0,1.34,,ENE
2023-01-28 09:55:00+00:00,1.67,100.0,3.09,345.0,4.63,,101990.0,1.67,,NNW
2023-01-28 10:55:00+00:00,7.22,98.0,2.57,36.0,4.12,,101980.0,6.92,,NE
2023-01-28 11:55:00+00:00,6.11,98.0,3.6,349.0,4.63,,101990.0,5.81,,N
2023-01-28 12:55:00+00:00,-7.78,97.0,2.57,50.0,3.09,,101970.0,-8.18,,NE
2023-01-28 13:55:00+00:00,-3.33,99.0,2.57,347.0,3.6,,101920.0,-3.47,,NNW
2023-01-28 14:55:00+00:00,6.67,95.0,2.57,339.0,3.09,,101900.0,5.92,,NNW
2023-01-28 15:55:00+00:00,-3.33,95.0,3.6,345.0,5.14,,101930.0,-4.03,,NNW
2023-01-28 16:55:00+00:00,6.11,91.0,3.6,343.0,5.66,,101970.0,4.73,,NNW
2023-01-28 17:55:00+00:00,6.11,89.0,3.6,353.0,5.14,,101990.0,4.41,,N
2023-01-28 18:55:00+00:00,6.67,88.0,3.6,351.0,5.66,,101960.0,4.8,,N
2023-01-28 19:55:00+00:00,-3.33,86.0,3.6,338.0,4.63,,101920.0,-5.37,,NNW
2023-01-28 20:55:00+00:00,2.22,82.0,3.09,341.0,6.17,,101870.0,-0.57,,NNW
2023-01-28 21:55:00+00:00,7.78,77.0,4.12,356.0,6.69,,101850.0,3.95,,N
2023-01-28 22:55:00+00:00,7.78,75.0,4.63,351.0,6.69,,101880.0,3.58,,N
2023-01-28 23:55:00+00:00,7.78,71.0,4.63,353.0,8.23,,101910.0,2.79,,N
2023-01-29 00:55:00+00:00,7.78,70.0,3.09,356.0,5.14,,101950.0,2.59,,N
2023-01-29 01:55:00+00:00,1.67,82.0,3.09,79.0,4.63,,102020.0,-1.11,,E
2023-01-29 02:55:00+00:00,6.11,72.0,3.09,77.0,4.12,,102130.0,1.38,,ENE
2023-01-29 03:55:00+00:00,6.11,73.0,3.09,107.0,5.66,,102210.0,1.58,,ESE
2023-01-29 04:55:00+00:00,1.11,77.0,2.57,38.0,4.63,,102330.0,-2.52,,NE
2023-01-29 05:55:00+00:00,0.56,71.0,3.6,18.0,5.14,,102470.0,-4.15,,NNE
2023-01-29 06:55:00+00:00,4.44,68.0,2.57,28.0,4.12,,102560.0,-1.02,,NNE
2023-01-29 07:55:00+00:00,3.33,74.0,2.57,8.0,4.63,,102640.0,-0.92,,N
2023-01-29 08:55:00+00:00,-5.0,74.0,2.06,297.0,4.12,,102710.0,-8.97,,WNW
2023-01-29 09:55:00+00:00,-5.56,65.0,3.6,329.0,5.66,,102770.0,-11.17,,NNW
2023-01-29 10:55:00+00:00,-5.56,60.0,4.12,333.0,6.69,,102870.0,-12.18,,NNW
2023-01-29 11:55:00+00:00,1.67,60.0,3.6,349.0,5.66,,102920.0,-5.35,,N
2023-01-29 12:55:00+00:00,1.67,59.0,3.09,334.0,3.6,,102960.0,-5.57,,NNW
2023-01-29 13:55:00+00:00,-10.0,63.0,3.09,75.0,4.12,,102990.0,-15.78,,ENE
2023-01-29 14:55:00+00:00,-2.78,64.0,3.09,328.0,5.14,,103020.0,-8.72,,NNW
2023-01-29 15:55:00+00:00,1.67,62.0,2.06,24.0,3.6,,103120.0,-4.91,,NNE
2023-01-29 16:55:00+00:00,-13.89,60.0,4.12,354.0,6.17,,103190.0,-20.04,,N
2023-01-29 17:55:00+00:00,-1.67,57.0,3.09,17.0,5.66,,103230.0,-9.17,,NNE
2023-01-29 18:55:00+00:00,3.33,52.0,3.09,28.0,5.14,,103280.0,-5.7,,NNE
2023-01-29 19:55:00+00:00,4.44,52.0,3.6,54.0,5.14,,103230.0,-4.66,,NE
2023-01-29 20:55:00+00:00,4.44,48.0,3.6,90.0,4.63,,103180.0,-5.73,,E
2023-01-29 21:55:00+00:00,-8.89,47.0,4.63,281.0,7.2,,103150.0,-18.26,,W
2023-01-29 22:55:00+00:00,5.56,44.0,2.57,354.0,4.63,,103110.0,-5.85,,N
2023-01-29 23:55:00+00:00,5.0,45.0,1.54,74.0,3.6,,103100.0,-6.07,,ENE
2023-01-30 00:55:00+00:00,4.44,44.0,3.6,349.0,5.14,,103100.0,-6.87,,N
2023-01-30 01:55:00+00:00,3.33,47.0,3.6,350.0,4.63,,103070.0,-7.03,,N
2023-01-30 02:55:00+00:00,2.78,47.0,3.6,345.0,4.63,,103070.0,-7.53,,NNW
2023-01-30 03:55:00+00:00,2.78,49.0,1.54,25.0,3.09,,103080.0,-6.99,,NNE
2023-01-30 04:55:00+00:00,2.22,57.0,3.09,34.0,4.63,,103100.0,-5.52,,NE
2023-01-30 05:55:00+00:00,-1.67,54.0,3.09,30.0,5.14,,103130.0,-9.86,,NNE
2023-01-30 06:55:00+00:00,0.56,55.0,2.06,62.0,3.09,,103160.0,-7.54,,ENE
2023-01-30 07:55:00+00:00,0.56,60.0,3.09,51.0,4.12,,103140.0,-6.4,,NE
2023-01-30 08:55:00+00:00,-10.56,59.0,3.09,76.0,4.12,,103130.0,-17.1,,ENE
2023-01-30 09:55:00+00:00,0.0,61.0,2.57,71.0,3.09,,103130.0,-6.71,,ENE
2023-01-30 10:55:00+00:00,0.0,56.0,2.57,94.0,4.12,,103130.0,-7.83,,E
2023-01-30 11:55:00+00:00,-0.56,75.0,3.09,55.0,3.6,,103140.0,-4.5,,NE
2023-01-30 12:55:00+00:00,-7.78,74.0,2.06,52.0,4.12,,103140.0,-11.66,,NE
2023-01-30 13:55:00+00:00,-1.11,72.0,3.09,64.0,4.63,,103130.0,-5.58,,ENE
2023-01-30 14:55:00+00:00,-5.0,77.0,3.6,49.0,4.63,,103160.0,-8.46,,NE
2023-01-30 15:55:00+00:00,-7.78,78.0,2.57,73.0,3.09,,103090.0,-10.99,,ENE
2023-01-30 16:55:00+00:00,-3.33,62.0,3.6,90.0,4.63,,103090.0,-9.65,,E
2023-01-30 17:55:00+00:00,1.11,61.0,3.09,65.0,3.6,,103080.0,-5.66,,ENE
2023-01-30 18:55:00+00:00,2.22,62.0,3.6,73.0,5.14,,103080.0,-4.39,,ENE
2023-01-30 19:55:00+00:00,2.78,60.0,3.09,75.0,4.12,,103070.0,-4.3,,ENE
2023-01-30 20:55:00+00:00,0.56,52.0,3.09,87.0,4.12,,102980.0,-8.27,,E
2023-01-30 21:55:00+00:00,0.0,48.0,3.09,46.0,4.12,,102960.0,-9.82,,NE
2023-01-30 22:55:00+00:00,4.44,49.0,3.09,83.0,4.63,,102900.0,-5.46,,E
2023-01-30 23:55:00+00:00,4.44,44.0,3.09,97.0,3.6,,102820.0,-6.87,,E
2023-01-31 00:55:00+00:00,4.44,45.0,2.57,80.0,4.12,,102780.0,-6.58,,E
2023-01-31 01:55:00+00:00,3.33,53.0,2.57,65.0,4.12,,102750.0,-5.44,,ENE
2023-01-31 02:55:00+00:00,3.33,54.0,2.06,56.0,3.6,,102730.0,-5.19,,NE
2023-01-31 03:55:00+00:00,-1.11,57.0,2.06,336.0,3.6,,102710.0,-8.64,,NNW
2023-01-31 04:55:00+00:00,3.33,60.0,3.09,63.0,4.12,,102670.0,-3.78,,ENE
2023-01-31 05:55:00+00:00,2.78,66.0,2.57,42.0,4.12,,102690.0,-3.02,,NE
2023-01-31 06:55:00+00:00,2.78,64.0,2.57,68.0,3.09,,102670.0,-3.43,,ENE
2023-01-31 07:55:00+00:00,-1.11,69.0,2.57,78.0,3.6,,102620.0,-6.14,,ENE
2023-01-31 08:55:00+00:00,-9.44,70.0,3.09,78.0,3.6,,102580.0,-13.95,,ENE
